chase_order,priority,event_type,date,diary_reference,source_pages,naid,release,catalog_title,participants,countries,topics,summary,compiler_use,chase_target,source_control,search_terms_hit,catalog_url,pdf_url,pdf_filename,substantive_record_found,memcon_telcon_or_trip_file,source_note_verified,final_selection_decision,compiler_notes
01,Medium-high,Meeting lead,1993-03-24,Presidential Daily Diary reference: meeting with Russian Foreign Minister Andrey Kozyrev,page 89,147870749,LPWJC 2013-0549-F,[03/15/1993-03/31/1993],Bill Clinton; Andrey Kozyrev; Warren Christopher; Strobe Talbott,United States; Russia,NATO-Russia; European Security Architecture,"The diary records a White House meeting with Russian Foreign Minister Andrey Kozyrev, joined by Gore, Christopher, Talbott, Lake, Gati, Lukin, and interpreters.",Use as an early Clinton-era Russia/European security chronology anchor and to chase any substantive memcon.,"Chase substantive memcon, briefing book, source image, and NSC follow-up files.","Broader PDD release; verify page image, date range, and OCR hit before citing.",Bosnia; Kozyrev; Russia; Russian,https://catalog.archives.gov/id/147870749,https://s3.amazonaws.com/NARAprodstorage/lz/presidential-libraries/clinton/foia/2013/2013-0549-F/42-t-101784486-20130549F-001-005-2018.pdf,42-t-101784486-20130549F-001-005-2018.pdf,,,,,
02,Medium-high,Meeting lead,1993-09-29,Presidential Daily Diary reference: meeting with Russian Foreign Minister Andrey Kozyrev,page 90,147870769,LPWJC 2013-0549-F,[09/16/1993-09/30/1993],Bill Clinton; Andrey Kozyrev,United States; Russia,NATO-Russia; European Security Architecture,The diary records an afternoon White House meeting with Russian Foreign Minister Andrey Kozyrev.,Use to flag a likely source trail for Russia policy immediately before the October 1993 NATO contact.,"Chase substantive memcon, briefing book, source image, and NSC follow-up files.","Broader PDD release; verify page image, date range, and OCR hit before citing.",Kozyrev; Russia; Russian,https://catalog.archives.gov/id/147870769,https://s3.amazonaws.com/NARAprodstorage/lz/presidential-libraries/clinton/foia/2013/2013-0549-F/42-t-101784486-20130549F-002-007-2018.pdf,42-t-101784486-20130549F-002-007-2018.pdf,,,,,
03,High,Meeting lead,1993-10-06,Presidential Daily Diary reference: meeting with NATO Secretary General Manfred Woerner,page 5,17368174,LPWJC 2010-0083-F,[Ellen McCathran - Presidential Daily Diary - Hardcopy 10/6/93; 10/11/93; 10/18/93; 10/26/93; 11/6/93; 11/17/93; 11/18/93; 11/30/93],Bill Clinton; Manfred Woerner,United States,NATO Strategy; NATO enlargement,The diary records a late-morning Oval Office meeting with NATO Secretary General Manfred Woerner.,"High-priority NATO lead; chase memcon, briefing book, and NSC European Affairs prep/follow-up files.","Chase briefing papers, decision memoranda, staff notes, and meeting readouts.",User-supplied 2010-0083-F release; verify diary page image and any withdrawal sheets before citing.,2010-0083-F; NATO,https://catalog.archives.gov/id/17368174,https://s3.amazonaws.com/NARAprodstorage/opastorage/live/74/3681/17368174/content/presidential-libraries/clinton/foia/2010-0083-F/2010-0083-F-PDF/Box_001/42-t-7262157-20100083F-001-005-2015.pdf,42-t-7262157-20100083F-001-005-2015.pdf,,,,,
04,Medium-high,Summit or trip lead,1994-01-03,Presidential Daily Diary reference: NATO Summit preparation meetings,pages 18 and 21,147870783,LPWJC 2013-0549-F,[01/01/1994-01/15/1994],Bill Clinton; Strobe Talbott; Anthony Lake; Samuel Berger,United States,NATO Strategy; NATO enlargement; Partnership for Peace,"The diary records morning and afternoon meetings to prepare for the NATO Summit in Europe, including a Joint Chiefs of Staff session and an administration-policy session.",Use to structure the January 1994 NATO summit lead-up and target NSC/JCS preparatory material.,"Chase summit memcons, trip book tabs, briefing materials, and delegation follow-up files.","Broader PDD release; verify page image, date range, and OCR hit before citing.",2010-0083-F; Brussels; NATO; Prague; Russia; Russian; Yeltsin,https://catalog.archives.gov/id/147870783,https://s3.amazonaws.com/NARAprodstorage/lz/presidential-libraries/clinton/foia/2013/2013-0549-F/42-t-101784486-20130549F-003-006-2018.pdf,42-t-101784486-20130549F-003-006-2018.pdf,,,,,
05,Medium-high,Treaty or public-action lead,1994-01-14,Presidential Daily Diary reference: denuclearization signing with Yeltsin and Kravchuk,page 68,147870783,LPWJC 2013-0549-F,[01/01/1994-01/15/1994],Bill Clinton; Boris Yeltsin; Leonid Kravchuk,United States; Russia; Ukraine,NATO-Russia; European Security Architecture,The diary records Clinton participating in the Moscow signing ceremony for denuclearization agreements with Boris Yeltsin and Leonid Kravchuk.,Context for the Russia/Ukraine security architecture surrounding the January 1994 European trip.,"Chase summit memcons, trip book tabs, briefing materials, and delegation follow-up files.","Broader PDD release; verify page image, date range, and OCR hit before citing.",2010-0083-F; Brussels; NATO; Prague; Russia; Russian; Yeltsin,https://catalog.archives.gov/id/147870783,https://s3.amazonaws.com/NARAprodstorage/lz/presidential-libraries/clinton/foia/2013/2013-0549-F/42-t-101784486-20130549F-003-006-2018.pdf,42-t-101784486-20130549F-003-006-2018.pdf,,,,,
06,Medium-high,Briefing lead,1994-02-19,Presidential Daily Diary reference: Bosnia briefing with administration officials,pages 53 and 58,147870789,LPWJC 2013-0549-F,[02/14/1994-02/28/1994],Bill Clinton; Warren Christopher; William Perry; John Shalikashvili,United States; Bosnia and Herzegovina,Bosnia; NATO Strategy,The diary records a briefing on Bosnia and the radio address on the situation there; the appendix lists senior foreign-policy and defense participants.,"Use as a Bosnia/NATO crisis chronology lead; chase Situation Room, NSC, and public address drafts.","Chase briefing papers, decision memoranda, staff notes, and meeting readouts.","Broader PDD release; verify page image, date range, and OCR hit before citing.",Bosnia; Brussels; NATO; Russia; Russian; Yeltsin,https://catalog.archives.gov/id/147870789,https://s3.amazonaws.com/NARAprodstorage/lz/presidential-libraries/clinton/foia/2013/2013-0549-F/42-t-101784486-20130549F-003-009-2018.pdf,42-t-101784486-20130549F-003-009-2018.pdf,,,,,
07,High,Call or telcon lead,1994-02-20,Presidential Daily Diary reference: Bosnia calls with Woerner and Mitterrand,pages 62-63,147870789,LPWJC 2013-0549-F,[02/14/1994-02/28/1994],Bill Clinton; Manfred Woerner; Francois Mitterrand; Anthony Lake,United States; France; Bosnia and Herzegovina,Bosnia; NATO Strategy,"The diary records a conference call with NATO Secretary General Manfred Woerner, a call with French President Francois Mitterrand, a senior-adviser discussion on Bosnia, and a later call with Woerner in Brussels.",High-value lead for NATO action on Bosnia; chase telcons and NSC crisis-management files.,"Chase telcon text, call sheet, NSC prep notes, and same-day follow-up memoranda.","Broader PDD release; verify page image, date range, and OCR hit before citing.",Bosnia; Brussels; NATO; Russia; Russian; Yeltsin,https://catalog.archives.gov/id/147870789,https://s3.amazonaws.com/NARAprodstorage/lz/presidential-libraries/clinton/foia/2013/2013-0549-F/42-t-101784486-20130549F-003-009-2018.pdf,42-t-101784486-20130549F-003-009-2018.pdf,,,,,
08,Medium-high,Meeting lead,1994-02-21,Presidential Daily Diary reference: Bosnia and Sarajevo meeting and NATO-action statement,page 67,147870789,LPWJC 2013-0549-F,[02/14/1994-02/28/1994],Bill Clinton,United States; Bosnia and Herzegovina,Bosnia; NATO Strategy,The diary records a meeting on Bosnia and Sarajevo and a statement on the results of NATO action.,Use to align Bosnia/Sarajevo chronology with NATO air-power documents and public framing.,"Chase substantive memcon, briefing book, source image, and NSC follow-up files.","Broader PDD release; verify page image, date range, and OCR hit before citing.",Bosnia; Brussels; NATO; Russia; Russian; Yeltsin,https://catalog.archives.gov/id/147870789,https://s3.amazonaws.com/NARAprodstorage/lz/presidential-libraries/clinton/foia/2013/2013-0549-F/42-t-101784486-20130549F-003-009-2018.pdf,42-t-101784486-20130549F-003-009-2018.pdf,,,,,
09,Medium-high,Call or telcon lead,1994-04-10,Presidential Daily Diary reference: NATO bombing in Bosnia and Yeltsin conference call,pages 50 and 53,147870795,LPWJC 2013-0549-F,[04/01/1994-04/15/1994],Bill Clinton; Boris Yeltsin,United States; Russia; Bosnia and Herzegovina,Bosnia; NATO-Russia; NATO Strategy,"The diary records a Situation Room meeting on the recent NATO bombing in Bosnia, a press statement, an attempted Yeltsin call, and a later conference call with Yeltsin.",Use to connect Bosnia crisis management with Russia consultation; chase both briefing notes and telcon.,"Chase telcon text, call sheet, NSC prep notes, and same-day follow-up memoranda.","Broader PDD release; verify page image, date range, and OCR hit before citing.",2010-0083-F; Bosnia; NATO; Russia; Russian; Yeltsin,https://catalog.archives.gov/id/147870795,https://s3.amazonaws.com/NARAprodstorage/lz/presidential-libraries/clinton/foia/2013/2013-0549-F/42-t-101784486-20130549F-004-003-2018.pdf,42-t-101784486-20130549F-004-003-2018.pdf,,,,,
10,High,Summit or trip lead,1994-12-05,"Presidential Daily Diary reference: CSCE Budapest Summit and meetings with Yeltsin, Kohl, Croatian and Bosnian officials",pages 42-44,147870813,LPWJC 2013-0549-F,[12/01/1994-12/15/1994],Bill Clinton; Boris Yeltsin; Helmut Kohl,United States; Russia; Germany; Bosnia and Herzegovina; Croatia; Hungary,OSCE/CSCE; NATO-Russia; Bosnia; European Security Architecture,"The diary records the CSCE Budapest Summit plenary, the START I instruments signing with Yeltsin and other leaders, and meetings including Yeltsin, Kohl, and Croatian and Bosnian officials.",Use as an OSCE/CSCE and European security architecture anchor; chase summit memcons and delegation files.,"Chase summit memcons, trip book tabs, briefing materials, and delegation follow-up files.","Broader PDD release; verify page image, date range, and OCR hit before citing.",2010-0083-F; CSCE; Dayton; Russian; Yeltsin,https://catalog.archives.gov/id/147870813,https://s3.amazonaws.com/NARAprodstorage/lz/presidential-libraries/clinton/foia/2013/2013-0549-F/42-t-101784486-20130549F-004-012-2018.pdf,42-t-101784486-20130549F-004-012-2018.pdf,,,,,
11,High,Meeting lead,1995-03-07,Presidential Daily Diary reference: meeting with U.S. and NATO officials,pages 65 and 70,17368179,LPWJC 2010-0083-F,[Ellen McCathran - Presidential Daily Diary - Hardcopy  1/9/95; 1/22/95; 1/26/95; 2/4/95; 2/8/95; 3/13/95; 3/13/95],Bill Clinton; Willy Claes; Robert Hunter; Sandy Vershbow,United States,NATO Strategy; NATO enlargement,"The diary records a meeting with U.S. and NATO officials; the appendix lists Willy Claes, Robert Hunter, John Kornblum, Sandy Vershbow, and NATO staff.",High-priority NATO institutional lead; chase memcon and briefing materials around Claes visit.,"Chase summit memcons, trip book tabs, briefing materials, and delegation follow-up files.",User-supplied 2010-0083-F release; verify diary page image and any withdrawal sheets before citing.,2010-0083-F; NATO,https://catalog.archives.gov/id/17368179,https://s3.amazonaws.com/NARAprodstorage/opastorage/live/79/3681/17368179/content/presidential-libraries/clinton/foia/2010-0083-F/2010-0083-F-PDF/Box_001/42-t-7262157-20100083F-001-010-2015.pdf,42-t-7262157-20100083F-001-010-2015.pdf,,,,,
12,Medium-high,Summit or trip lead,1995-05-10,Presidential Daily Diary reference: Moscow meetings and luncheon with Yeltsin,pages 67-73,147870833,LPWJC 2013-0549-F,[05/01/1995-05/14/1995],Bill Clinton; Boris Yeltsin; Strobe Talbott; Anthony Lake,United States; Russia,NATO-Russia; European Security Architecture,"The diary records Clinton's Moscow briefing, Kremlin meetings with Yeltsin, and a private luncheon hosted by Yeltsin.",Use for NATO-Russia and broader European security context; chase the Moscow summit memoranda.,"Chase summit memcons, trip book tabs, briefing materials, and delegation follow-up files.","Broader PDD release; verify page image, date range, and OCR hit before citing.",Kozyrev; Mamedov; Russia; Russian; Yeltsin,https://catalog.archives.gov/id/147870833,https://s3.amazonaws.com/NARAprodstorage/lz/presidential-libraries/clinton/foia/2013/2013-0549-F/42-t-101784486-20130549F-006-003-2018.pdf,42-t-101784486-20130549F-006-003-2018.pdf,,,,,
13,Medium-high,Call or telcon lead,1995-07-28,Presidential Daily Diary reference: conference call with Boris Yeltsin,page 50,147870839,LPWJC 2013-0549-F,[07/01/1995-07/31/1995],Bill Clinton; Boris Yeltsin,United States; Russia,NATO-Russia; Bosnia,The diary records a morning conference call with Boris Yeltsin and NSC/Situation Room participants.,Use as a Russian consultation lead; chase telcon text for NATO/Bosnia relevance before inclusion.,"Chase telcon text, call sheet, NSC prep notes, and same-day follow-up memoranda.","Broader PDD release; verify page image, date range, and OCR hit before citing.",2010-0083-F; Bosnia; Russia; Russian; Yeltsin,https://catalog.archives.gov/id/147870839,https://s3.amazonaws.com/NARAprodstorage/lz/presidential-libraries/clinton/foia/2013/2013-0549-F/42-t-101784486-20130549F-006-006-2018.pdf,42-t-101784486-20130549F-006-006-2018.pdf,,,,,
14,Medium-high,Call or telcon lead,1995-11-20,Presidential Daily Diary reference: Dayton calls with Christopher and Tudjman,pages 38-40,147870847,LPWJC 2013-0549-F,[11/01/1995-11/30/1995],Bill Clinton; Warren Christopher; Franjo Tudjman,United States; Croatia; Bosnia and Herzegovina,Bosnia; Dayton,The diary records calls with Secretary Christopher in Dayton and a conference call with Croatian President Franjo Tudjman.,Use to anchor the Dayton peace negotiation endgame and chase telcon/source packets.,"Chase telcon text, call sheet, NSC prep notes, and same-day follow-up memoranda.","Broader PDD release; verify page image, date range, and OCR hit before citing.",Bosnia; Dayton; Walesa,https://catalog.archives.gov/id/147870847,https://s3.amazonaws.com/NARAprodstorage/lz/presidential-libraries/clinton/foia/2013/2013-0549-F/42-t-101784486-20130549F-006-010-2018.pdf,42-t-101784486-20130549F-006-010-2018.pdf,,,,,
15,Medium-high,Call or telcon lead,1995-11-21,"Presidential Daily Diary reference: Dayton conference call with Tudjman, Izetbegovic, Milosevic, and Christopher",pages 41-42,147870847,LPWJC 2013-0549-F,[11/01/1995-11/30/1995],Bill Clinton; Franjo Tudjman; Alija Izetbegovic; Slobodan Milosevic; Warren Christopher; Lech Walesa; Aleksander Kwasniewski,United States; Croatia; Bosnia and Herzegovina; Serbia; Poland,Bosnia; Dayton; NATO enlargement,"The diary records a conference call with Franjo Tudjman, Alija Izetbegovic, Slobodan Milosevic, and Secretary Christopher, followed by calls with Lech Walesa and Aleksander Kwasniewski.",High-value Bosnia/Dayton and Central Europe lead; chase complete telcon records.,"Chase telcon text, call sheet, NSC prep notes, and same-day follow-up memoranda.","Broader PDD release; verify page image, date range, and OCR hit before citing.",Bosnia; Dayton; Walesa,https://catalog.archives.gov/id/147870847,https://s3.amazonaws.com/NARAprodstorage/lz/presidential-libraries/clinton/foia/2013/2013-0549-F/42-t-101784486-20130549F-006-010-2018.pdf,42-t-101784486-20130549F-006-010-2018.pdf,,,,,
16,High,Call or telcon lead,1996-01-12,Presidential Daily Diary reference: secure voice call with NATO Secretary General Javier Solana,page 21,147870851,LPWJC 2013-0549-F,[01/01/1996-01/31/1996],Bill Clinton; Javier Solana,United States,NATO Strategy; Bosnia,The diary records a secure voice call with NATO Secretary General Javier Solana.,Use as a NATO/IFOR-era telcon lead; chase conversation text before selecting.,"Chase telcon text, call sheet, NSC prep notes, and same-day follow-up memoranda.","Broader PDD release; verify page image, date range, and OCR hit before citing.",Milosevic; NATO; North Atlantic; Russia; Russian; Solana; Yeltsin,https://catalog.archives.gov/id/147870851,https://s3.amazonaws.com/NARAprodstorage/lz/presidential-libraries/clinton/foia/2013/2013-0549-F/42-t-101784486-20130549F-006-012-2018.pdf,42-t-101784486-20130549F-006-012-2018.pdf,,,,,
17,Medium-high,Call or telcon lead,1996-01-13,Presidential Daily Diary reference: call with Slobodan Milosevic,page 22,147870851,LPWJC 2013-0549-F,[01/01/1996-01/31/1996],Bill Clinton; Slobodan Milosevic,United States; Serbia; Bosnia and Herzegovina,Bosnia; Dayton,The diary records a call with Serbian President Slobodan Milosevic aboard Air Force One.,Use as a Bosnia/Dayton implementation lead; chase telcon text.,"Chase telcon text, call sheet, NSC prep notes, and same-day follow-up memoranda.","Broader PDD release; verify page image, date range, and OCR hit before citing.",Milosevic; NATO; North Atlantic; Russia; Russian; Solana; Yeltsin,https://catalog.archives.gov/id/147870851,https://s3.amazonaws.com/NARAprodstorage/lz/presidential-libraries/clinton/foia/2013/2013-0549-F/42-t-101784486-20130549F-006-012-2018.pdf,42-t-101784486-20130549F-006-012-2018.pdf,,,,,
18,Medium-high,Call or telcon lead,1996-02-23,Presidential Daily Diary reference: conference call with Boris Yeltsin,page 36,147870853,LPWJC 2013-0549-F,[02/01/1996-02/29/1996],Bill Clinton; Boris Yeltsin,United States; Russia,NATO-Russia; European Security Architecture,The diary records an attempted Yeltsin call followed by a completed conference call with Yeltsin and NSC/Situation Room participants.,Use as a NATO-Russia consultation lead; verify substantive topic in telcon text.,"Chase telcon text, call sheet, NSC prep notes, and same-day follow-up memoranda.","Broader PDD release; verify page image, date range, and OCR hit before citing.",Bosnia; NATO; Russia; Russian; Yeltsin,https://catalog.archives.gov/id/147870853,https://s3.amazonaws.com/NARAprodstorage/lz/presidential-libraries/clinton/foia/2013/2013-0549-F/42-t-101784486-20130549F-006-013-2018.pdf,42-t-101784486-20130549F-006-013-2018.pdf,,,,,
19,High,Call or telcon lead,1997-07-03,Presidential Daily Diary reference: pre-Madrid conference call with Helmut Kohl,page 8,147870887,LPWJC 2013-0549-F,[07/01/1997-07/31/1997],Bill Clinton; Helmut Kohl,United States; Germany; Spain,NATO enlargement; NATO Strategy,The diary records a conference call with German Chancellor Helmut Kohl days before the Madrid NATO Summit.,Use as a Madrid/NATO-enlargement chronology lead; formal Madrid summit sessions remain a release gap in this diary pass.,"Chase telcon text, call sheet, NSC prep notes, and same-day follow-up memoranda.","Broader PDD release; verify page image, date range, and OCR hit before citing.",2010-0083-F; Madrid,https://catalog.archives.gov/id/147870887,https://s3.amazonaws.com/NARAprodstorage/lz/presidential-libraries/clinton/foia/2013/2013-0549-F/42-t-101784486-20130549F-007-017-2018.pdf,42-t-101784486-20130549F-007-017-2018.pdf,,,,,
20,Medium-high,Treaty or public-action lead,1998-03-25,Presidential Daily Diary reference: NATO enlargement ratification briefing and remarks,pages 52-53,147870909,LPWJC 2013-0549-F,[03/15/1998-03/31/1998],Bill Clinton; Madeleine Albright; Henry Shelton; Samuel Berger,United States; Poland; Czech Republic; Hungary,NATO enlargement,The diary records a briefing on the Senate's upcoming NATO enlargement ratification vote and remarks on enlargement.,"Use to align Senate-ratification records, public papers, and NSC congressional strategy files.","Chase briefing papers, decision memoranda, staff notes, and meeting readouts.","Broader PDD release; verify page image, date range, and OCR hit before citing.",NATO; North Atlantic; enlargement,https://catalog.archives.gov/id/147870909,https://s3.amazonaws.com/NARAprodstorage/lz/presidential-libraries/clinton/foia/2013/2013-0549-F/42-t-101784486-20130549F-008-011-2018.pdf,42-t-101784486-20130549F-008-011-2018.pdf,,,,,
21,Medium-high,Meeting lead,1998-04-30,Presidential Daily Diary reference: bipartisan support meeting for NATO enlargement,page 81,147870913,LPWJC 2013-0549-F,[04/15/1998-04/30/1998],Bill Clinton; Al Gore; Trent Lott; Thomas Daschle; Samuel Berger,United States; Poland; Czech Republic; Hungary,NATO enlargement,"The diary records a meeting on bipartisan support for NATO enlargement with Gore, Lott, Daschle, Bowles, Berger, Podesta, and others.",Use to fill the domestic strategy side of NATO enlargement ratification.,"Chase treaty/signing files, public papers, NSC legal-policy files, and speech drafts.","Broader PDD release; verify page image, date range, and OCR hit before citing.",Dayton; NATO; North Atlantic; Russian; enlargement,https://catalog.archives.gov/id/147870913,https://s3.amazonaws.com/NARAprodstorage/lz/presidential-libraries/clinton/foia/2013/2013-0549-F/42-t-101784486-20130549F-009-002-2018.pdf,42-t-101784486-20130549F-009-002-2018.pdf,,,,,
22,High,Call or telcon lead,1998-05-08,Presidential Daily Diary reference: calls with Javier Solana and Vaclav Havel,pages 11 and 13,147870915,LPWJC 2013-0549-F,[05/01/1998-05/15/1998],Bill Clinton; Javier Solana; Vaclav Havel,United States; Czech Republic,NATO enlargement; NATO Strategy,The diary records a conference call with NATO Secretary General Javier Solana and a later call with Czech President Vaclav Havel.,Use as a NATO enlargement/accession lead; chase telcon records.,"Chase telcon text, call sheet, NSC prep notes, and same-day follow-up memoranda.","Broader PDD release; verify page image, date range, and OCR hit before citing.",2010-0083-F; Dayton; Havel; NATO; North Atlantic; Russia; Russian; Solana; Yeltsin,https://catalog.archives.gov/id/147870915,https://s3.amazonaws.com/NARAprodstorage/lz/presidential-libraries/clinton/foia/2013/2013-0549-F/42-t-101784486-20130549F-009-003-2018.pdf,42-t-101784486-20130549F-009-003-2018.pdf,,,,,
23,Medium-high,Treaty or public-action lead,1998-05-12,Presidential Daily Diary reference: NATO accession ratification ceremony,pages 12-13,17368188,LPWJC 2010-0083-F,[Ellen McCathran - Presidential Daily Diary - Hardcopy 5/3/98; 5/21/98; 5/22/98; 5/24/98; 6/3/98; 6/11/98; 6/21/98],Bill Clinton; Madeleine Albright; William Cohen; Joseph Ralston,United States; Poland; Czech Republic; Hungary,NATO enlargement,"The diary records a briefing and ceremony to sign the instruments of ratification for Poland, Hungary, and the Czech Republic to join NATO.","Use as the public/action chronology for accession ratification; pair with treaty, Senate, and NSC records.","Chase briefing papers, decision memoranda, staff notes, and meeting readouts.",User-supplied 2010-0083-F release; verify diary page image and any withdrawal sheets before citing.,2010-0083-F; NATO; North Atlantic; Russia; Russian; Yeltsin,https://catalog.archives.gov/id/17368188,https://s3.amazonaws.com/NARAprodstorage/opastorage/live/88/3681/17368188/content/presidential-libraries/clinton/foia/2010-0083-F/2010-0083-F-PDF/Box_002/42-t-7262157-20100083F-002-006-2015.pdf,42-t-7262157-20100083F-002-006-2015.pdf,,,,,
24,Medium-high,Briefing lead,1998-05-29,Presidential Daily Diary reference: Kosovo meeting with Ibrahim Rugova and Dayton implementation briefing,pages 54-55,147870917,LPWJC 2013-0549-F,[05/16/1998-05/31/1998],Bill Clinton; Ibrahim Rugova; Al Gore; Samuel Berger; Robert Gelbard,United States; Kosovo; Bosnia and Herzegovina,Kosovo; Bosnia; Dayton,"The diary records a meeting/briefing touching Dayton implementation, followed by a photo opportunity with Ibrahim Rugova and Kosovo Albanian leaders.",Use as a Kosovo escalation lead; chase NSC Balkans files and any Rugova memcon.,"Chase briefing papers, decision memoranda, staff notes, and meeting readouts.","Broader PDD release; verify page image, date range, and OCR hit before citing.",Dayton; Kosovo; Russia; Russian; Yeltsin,https://catalog.archives.gov/id/147870917,https://s3.amazonaws.com/NARAprodstorage/lz/presidential-libraries/clinton/foia/2013/2013-0549-F/42-t-101784486-20130549F-009-004-2018.pdf,42-t-101784486-20130549F-009-004-2018.pdf,,,,,
25,Medium-high,Call or telcon lead,1998-06-15,Presidential Daily Diary reference: meeting and conference call with Boris Yeltsin,pages 101-103,147870919,LPWJC 2013-0549-F,[06/01/1998-06/15/1998],Bill Clinton; Boris Yeltsin; Strobe Talbott; Samuel Berger,United States; Russia,NATO-Russia; Bosnia,"The diary records a meeting with Talbott, Berger, and others overlapping a conference call with Boris Yeltsin.",Use as a NATO-Russia consultation lead; chase telcon and preparatory notes.,"Chase telcon text, call sheet, NSC prep notes, and same-day follow-up memoranda.","Broader PDD release; verify page image, date range, and OCR hit before citing.",Dayton; Russia; Russian; Yeltsin,https://catalog.archives.gov/id/147870919,https://s3.amazonaws.com/NARAprodstorage/lz/presidential-libraries/clinton/foia/2013/2013-0549-F/42-t-101784486-20130549F-009-005-2018.pdf,42-t-101784486-20130549F-009-005-2018.pdf,,,,,
26,High,Treaty or public-action lead,1998-09-02,Presidential Daily Diary reference: Moscow meeting with Yeltsin and common-security signing,pages 57-58,17368189,LPWJC 2010-0083-F,[Ellen McCathran - Presidential Daily Diary - Hardcopy 7/7/98; 7/17/98; 7/19/98; 7/29/98; 8/1/98; 8/3/98; 8/21/98; 8/30/98; 9/2/98; 9/15/98; 9/18/98; 9/26/98],Bill Clinton; Boris Yeltsin; Madeleine Albright; Strobe Talbott,United States; Russia,NATO-Russia; European Security Architecture,"The diary records a Kremlin meeting with Yeltsin, a signing ceremony for documents on common security at the threshold of the 21st century, and a joint news conference.",Use as a high-priority NATO-Russia/common security lead; chase summit memoranda and signed-document files.,"Chase summit memcons, trip book tabs, briefing materials, and delegation follow-up files.",User-supplied 2010-0083-F release; verify diary page image and any withdrawal sheets before citing.,2010-0083-F; Havel; Kosovo; NATO; Russia; Russian; Yeltsin,https://catalog.archives.gov/id/17368189,https://s3.amazonaws.com/NARAprodstorage/opastorage/live/89/3681/17368189/content/presidential-libraries/clinton/foia/2010-0083-F/2010-0083-F-PDF/Box_002/42-t-7262157-20100083F-002-007-2015.pdf,42-t-7262157-20100083F-002-007-2015.pdf,,,,,
27,Medium-high,Meeting lead,1998-09-18,Presidential Daily Diary reference: Kosovo meeting with Robert Dole,page 80,17368189,LPWJC 2010-0083-F,[Ellen McCathran - Presidential Daily Diary - Hardcopy 7/7/98; 7/17/98; 7/19/98; 7/29/98; 8/1/98; 8/3/98; 8/21/98; 8/30/98; 9/2/98; 9/15/98; 9/18/98; 9/26/98],Bill Clinton; Robert Dole; Madeleine Albright; Samuel Berger,United States; Kosovo,Kosovo,"The diary records an Oval Office meeting to discuss Kosovo with former Senator Robert Dole, Sandy Berger, and others.","Use as a Kosovo diplomacy lead; chase memcon, Berger files, and congressional-contact files.","Chase substantive memcon, briefing book, source image, and NSC follow-up files.",User-supplied 2010-0083-F release; verify diary page image and any withdrawal sheets before citing.,2010-0083-F; Havel; Kosovo; NATO; Russia; Russian; Yeltsin,https://catalog.archives.gov/id/17368189,https://s3.amazonaws.com/NARAprodstorage/opastorage/live/89/3681/17368189/content/presidential-libraries/clinton/foia/2010-0083-F/2010-0083-F-PDF/Box_002/42-t-7262157-20100083F-002-007-2015.pdf,42-t-7262157-20100083F-002-007-2015.pdf,,,,,
28,Medium-high,Briefing lead,1999-03-23,Presidential Daily Diary reference: Kosovo briefings and congressional meeting,pages 26 and 33,147870957,LPWJC 2013-0549-F,[03/19/1999-03/31/1999],Bill Clinton; Madeleine Albright; William Cohen; George Tenet; Henry Shelton,United States; Kosovo; Serbia,Kosovo; NATO Strategy,"The diary records a Kosovo-era briefing and a meeting with members of Congress; the appendix lists Albright, Cohen, Tenet, Shelton, and congressional leaders.",Use as the pre-strike congressional and policy-briefing chronology.,"Chase briefing papers, decision memoranda, staff notes, and meeting readouts.","Broader PDD release; verify page image, date range, and OCR hit before citing.",Bosnia; Kosovo; NATO; North Atlantic; Russia; Russian; Yeltsin,https://catalog.archives.gov/id/147870957,https://s3.amazonaws.com/NARAprodstorage/lz/presidential-libraries/clinton/foia/2013/2013-0549-F/42-t-101784486-20130549F-011-002-2018.pdf,42-t-101784486-20130549F-011-002-2018.pdf,,,,,
29,Medium-high,Briefing lead,1999-03-24,Presidential Daily Diary reference: Kosovo air-strike briefing and statement,pages 37-38,147870957,LPWJC 2013-0549-F,[03/19/1999-03/31/1999],Bill Clinton; Jean Chretien; Samuel Berger; James Steinberg,United States; Canada; Serbia; Kosovo,Kosovo; NATO Strategy,"The diary records a call with Canadian Prime Minister Jean Chretien, a briefing on the air strikes against Serbian military targets, and a statement to the press.",Use as the start-of-air-campaign chronology; chase allied calls and speech/NSC drafts.,"Chase telcon text, call sheet, NSC prep notes, and same-day follow-up memoranda.","Broader PDD release; verify page image, date range, and OCR hit before citing.",Bosnia; Kosovo; NATO; North Atlantic; Russia; Russian; Yeltsin,https://catalog.archives.gov/id/147870957,https://s3.amazonaws.com/NARAprodstorage/lz/presidential-libraries/clinton/foia/2013/2013-0549-F/42-t-101784486-20130549F-011-002-2018.pdf,42-t-101784486-20130549F-011-002-2018.pdf,,,,,
30,Medium-high,Briefing lead,1999-04-06,Presidential Daily Diary reference: Kosovo and Balkans briefing,page 4,17368193,LPWJC 2010-0083-F,[Ellen McCathran - Presidential Daily Diary - Hardcopy 4/9/99; 4/14/99; 4/27/99; 4/30/99; 5/2/99; 5/20/99; 5/24/99; 5/28/99; 6/2/99; 6/10/99; 6/20/99],Bill Clinton; William Cohen; John Podesta; Samuel Berger,United States; Kosovo; Serbia,Kosovo; Bosnia; NATO Strategy,The diary records a morning briefing on Kosovo and the Balkans with Secretary Cohen and senior White House officials.,Use as a Kosovo campaign chronology lead; chase Defense/NSC briefing papers.,"Chase briefing papers, decision memoranda, staff notes, and meeting readouts.",User-supplied 2010-0083-F release; verify diary page image and any withdrawal sheets before citing.,2010-0083-F; Bosnia; Kosovo; NATO; North Atlantic; Russia; Russian; Solana; Yeltsin,https://catalog.archives.gov/id/17368193,https://s3.amazonaws.com/NARAprodstorage/opastorage/live/93/3681/17368193/content/presidential-libraries/clinton/foia/2010-0083-F/2010-0083-F-PDF/Box_002/42-t-7262157-20100083F-002-010-2015.pdf,42-t-7262157-20100083F-002-010-2015.pdf,,,,,
31,High,Meeting lead,1999-04-22,Presidential Daily Diary reference: meeting with NATO Secretary General Javier Solana,pages 35-36,147870961,LPWJC 2013-0549-F,[04/18/1999-04/30/1999],Bill Clinton; Javier Solana; Samuel Berger,United States,NATO Strategy; Kosovo,"The diary records a meeting with NATO Secretary General Javier Solana, a NATO Summit press statement, and a follow-on meeting with Solana and Berger.",Use as a Washington NATO Summit and Kosovo campaign lead; chase Solana memcon.,"Chase summit memcons, trip book tabs, briefing materials, and delegation follow-up files.","Broader PDD release; verify page image, date range, and OCR hit before citing.",Kosovo; NATO; North Atlantic; North Atlantic Council; Russia; Russian; Solana; Washington Summit; Yeltsin,https://catalog.archives.gov/id/147870961,https://s3.amazonaws.com/NARAprodstorage/lz/presidential-libraries/clinton/foia/2013/2013-0549-F/42-t-101784486-20130549F-011-004-2018.pdf,42-t-101784486-20130549F-011-004-2018.pdf,,,,,
32,High,Summit or trip lead,1999-04-23,Presidential Daily Diary reference: NATO 50th Anniversary Summit weekend,pages 40-49,147870961,LPWJC 2013-0549-F,[04/18/1999-04/30/1999],Bill Clinton; Jacques Chirac; Javier Solana; Boris Yeltsin; Strobe Talbott,United States; France; Russia; Ukraine,NATO Strategy; NATO enlargement; NATO-Russia; Kosovo,"The diary records the NATO 50th Anniversary Summit, a Chirac meeting, the NATO dinner, North Atlantic Council sessions, the NATO-Ukraine Commission, and an attempted Yeltsin call during the summit weekend.","High-priority summit chronology; chase summit memcons, NAC files, public papers, and allied telcons.","Chase telcon text, call sheet, NSC prep notes, and same-day follow-up memoranda.","Broader PDD release; verify page image, date range, and OCR hit before citing.",Kosovo; NATO; North Atlantic; North Atlantic Council; Russia; Russian; Solana; Washington Summit; Yeltsin,https://catalog.archives.gov/id/147870961,https://s3.amazonaws.com/NARAprodstorage/lz/presidential-libraries/clinton/foia/2013/2013-0549-F/42-t-101784486-20130549F-011-004-2018.pdf,42-t-101784486-20130549F-011-004-2018.pdf,,,,,
33,Medium-high,Summit or trip lead,1999-05-05,Presidential Daily Diary reference: NATO Headquarters visit and allied forces briefing,pages 19-24,147870963,LPWJC 2013-0549-F,[05/01/1999-05/14/1999],Bill Clinton; Javier Solana; Sandy Vershbow; Antony Blinken; Madeleine Albright; William Cohen,United States; Belgium,NATO Strategy; Kosovo,"The diary records arrival at NATO Headquarters, greeting by Solana, a meeting with U.S. and NATO officials, an allied forces briefing, and the appendix listing Vershbow, Blinken, Solana, and NATO staff.",Use as a NATO Headquarters/Kosovo campaign lead; chase NATO and NSC European Affairs files.,"Chase summit memcons, trip book tabs, briefing materials, and delegation follow-up files.","Broader PDD release; verify page image, date range, and OCR hit before citing.",Brussels; Kosovo; NATO; North Atlantic; Russia; Russian; Solana,https://catalog.archives.gov/id/147870963,https://s3.amazonaws.com/NARAprodstorage/lz/presidential-libraries/clinton/foia/2013/2013-0549-F/42-t-101784486-20130549F-011-005-2018.pdf,42-t-101784486-20130549F-011-005-2018.pdf,,,,,
34,High,Call or telcon lead,1999-06-10,Presidential Daily Diary reference: Kosovo Military Technical Agreement calls,pages 59-61,17368193,LPWJC 2010-0083-F,[Ellen McCathran - Presidential Daily Diary - Hardcopy 4/9/99; 4/14/99; 4/27/99; 4/30/99; 5/2/99; 5/20/99; 5/24/99; 5/28/99; 6/2/99; 6/10/99; 6/20/99],Bill Clinton; Wesley Clark; Javier Solana; Boris Yeltsin; Jacques Chirac; Massimo D'Alema; Jose Maria Aznar; Jean Chretien,United States; Russia; France; Italy; Spain; Canada; Kosovo; Serbia,Kosovo; NATO-Russia; NATO Strategy,"The diary records calls with Wesley Clark, Javier Solana, Boris Yeltsin, Jacques Chirac, Massimo D'Alema, Jose Maria Aznar, and Jean Chretien around the Kosovo Military Technical Agreement.",High-priority Kosovo settlement lead; chase complete telcons and NATO/SACEUR traffic.,"Chase telcon text, call sheet, NSC prep notes, and same-day follow-up memoranda.",User-supplied 2010-0083-F release; verify diary page image and any withdrawal sheets before citing.,2010-0083-F; Bosnia; Kosovo; NATO; North Atlantic; Russia; Russian; Solana; Yeltsin,https://catalog.archives.gov/id/17368193,https://s3.amazonaws.com/NARAprodstorage/opastorage/live/93/3681/17368193/content/presidential-libraries/clinton/foia/2010-0083-F/2010-0083-F-PDF/Box_002/42-t-7262157-20100083F-002-010-2015.pdf,42-t-7262157-20100083F-002-010-2015.pdf,,,,,
35,High,Summit or trip lead,1999-11-18,Presidential Daily Diary reference: OSCE Istanbul Summit and bilateral meeting with Yeltsin,pages 51-59,17368195,LPWJC 2010-0083-F,[Ellen McCathran - Presidential Daily Diary - Hardcopy 10/6/99; 10/11/99; 10/18/99; 10/28/99; 11/6/99; 10/11/99; 10/18/99; 10/28/99; 11/6/99; 11/17/99; 11/18/99; 11/30/99],Bill Clinton; Boris Yeltsin; Madeleine Albright; James Steinberg; Antony Blinken,United States; Russia; Turkey,OSCE/CSCE; NATO-Russia; CFE,The diary records the OSCE Istanbul Summit program and a bilateral meeting with Boris Yeltsin; the appendix lists the U.S. and Russian participants.,Use as an OSCE/CFE/NATO-Russia architecture lead; chase summit memcons and Istanbul files.,"Chase summit memcons, trip book tabs, briefing materials, and delegation follow-up files.",User-supplied 2010-0083-F release; verify diary page image and any withdrawal sheets before citing.,2010-0083-F; Istanbul; OSCE; Russia; Russian; Yeltsin,https://catalog.archives.gov/id/17368195,https://s3.amazonaws.com/NARAprodstorage/opastorage/live/95/3681/17368195/content/presidential-libraries/clinton/foia/2010-0083-F/2010-0083-F-PDF/Box_002/42-t-7262157-20100083F-002-012-2015.pdf,42-t-7262157-20100083F-002-012-2015.pdf,,,,,
36,High,Treaty or public-action lead,1999-11-19,Presidential Daily Diary reference: CFE Treaty signing at Istanbul,pages 72 and 79,147870987,LPWJC 2013-0549-F,[11/10/1999-11/19/1999],Bill Clinton; Madeleine Albright,United States; Turkey,CFE; OSCE/CSCE; European Security Architecture,The diary records Clinton's participation in the Conventional Armed Forces in Europe Treaty signing and lists attendees in the appendix.,"Use as a CFE architecture anchor; chase treaty-signing files, OSCE Summit records, and source-note classification details.","Chase summit memcons, trip book tabs, briefing materials, and delegation follow-up files.","Broader PDD release; verify page image, date range, and OCR hit before citing.",Bosnia; CFE; Istanbul; OSCE; Russia,https://catalog.archives.gov/id/147870987,https://s3.amazonaws.com/NARAprodstorage/lz/presidential-libraries/clinton/foia/2013/2013-0549-F/42-t-101784486-20130549F-012-005-2018.pdf,42-t-101784486-20130549F-012-005-2018.pdf,,,,,
37,Medium-high,Summit or trip lead,1999-11-23,"Presidential Daily Diary reference: Kosovo visit, NATO officials, and Kosovar leaders",pages 37-43,147870989,LPWJC 2013-0549-F,[11/20/1999-11/30/1999],Bill Clinton; Madeleine Albright; Bernard Kouchner; Klaus Reinhardt; Wesley Clark,United States; Kosovo,Kosovo; KFOR; NATO Strategy,"The diary records meetings at Pristina with U.S. and NATO officials, Kosovar leaders, and Camp Bondsteel personnel; appendices identify KFOR and UN Kosovo participants.","Use as a post-conflict Kosovo/KFOR chronology lead; chase KFOR, UNMIK, and NSC trip files.","Chase summit memcons, trip book tabs, briefing materials, and delegation follow-up files.","Broader PDD release; verify page image, date range, and OCR hit before citing.",Kosovo; NATO,https://catalog.archives.gov/id/147870989,https://s3.amazonaws.com/NARAprodstorage/lz/presidential-libraries/clinton/foia/2013/2013-0549-F/42-t-101784486-20130549F-012-006-2018.pdf,42-t-101784486-20130549F-012-006-2018.pdf,,,,,
38,Medium-high,Summit or trip lead,2000-06-03,Presidential Daily Diary reference: Moscow meetings and dinner with Vladimir Putin,pages 22-35,147871021,LPWJC 2013-0549-F,[06/01/2000-06/11/2000],Bill Clinton; Vladimir Putin; Strobe Talbott; Madeleine Albright; Samuel Berger; Igor Ivanov; Georgy Mamedov,United States; Russia,NATO-Russia; European Security Architecture,"The diary records Clinton's Moscow arrival, dinner with Vladimir Putin, the June 4 Putin meeting, expanded U.S.-Russian sessions, a Kremlin walk, and a joint news conference.",Use as late-volume NATO-Russia and strategic-stability context; chase Moscow summit memoranda.,"Chase summit memcons, trip book tabs, briefing materials, and delegation follow-up files.","Broader PDD release; verify page image, date range, and OCR hit before citing.",Brussels; Mamedov; Putin; Russia; Russian; Yeltsin,https://catalog.archives.gov/id/147871021,https://s3.amazonaws.com/NARAprodstorage/lz/presidential-libraries/clinton/foia/2013/2013-0549-F/42-t-101784486-20130549F-013-011-2018.pdf,42-t-101784486-20130549F-013-011-2018.pdf,,,,,
39,Medium-high,Meeting lead,2000-07-21,Presidential Daily Diary reference: Okinawa G-8 meeting with Vladimir Putin,pages 12 and 16,17368201,LPWJC 2010-0083-F,[Ellen McCathran - Presidential Daily Diary - Hardcopy 4/4/00; 4/1200; 4/25/00; 5/7/00; 5/18/00; 5/22/00; 5/26/00; 6/7/00; 6/8/00; 6/18/00],Bill Clinton; Vladimir Putin; Strobe Talbott; James Steinberg; Mark Medish,United States; Russia; Japan,NATO-Russia; European Security Architecture,"The diary records Clinton greeting Putin and meeting with him at Okinawa, with a foreign-policy briefing appendix listing Russia/Eurasia staff.",Use as late-volume Putin/NATO-Russia context; chase Okinawa summit memcons.,"Chase summit memcons, trip book tabs, briefing materials, and delegation follow-up files.",User-supplied 2010-0083-F release; verify diary page image and any withdrawal sheets before citing.,2010-0083-F; Putin; Russia; Russian,https://catalog.archives.gov/id/17368201,https://s3.amazonaws.com/NARAprodstorage/opastorage/live/1/3682/17368201/content/presidential-libraries/clinton/foia/2010-0083-F/2010-0083-F-PDF/Box_003/42-t-7262157-20100083F-003-003-2015.pdf,42-t-7262157-20100083F-003-003-2015.pdf,,,,,
40,Medium-high,Treaty or public-action lead,2000-09-06,Presidential Daily Diary reference: United Nations meeting with Putin and strategic stability signing,pages 31-32,17368201,LPWJC 2010-0083-F,[Ellen McCathran - Presidential Daily Diary - Hardcopy 4/4/00; 4/1200; 4/25/00; 5/7/00; 5/18/00; 5/22/00; 5/26/00; 6/7/00; 6/8/00; 6/18/00],Bill Clinton; Vladimir Putin; Strobe Talbott,United States; Russia,NATO-Russia; European Security Architecture,The diary records a Waldorf Astoria meeting with Putin and a signing ceremony for the U.S.-Russia Strategic Stability Cooperation Initiative.,Use as late-volume strategic-stability context and as a lead to UN Millennium Summit files.,"Chase summit memcons, trip book tabs, briefing materials, and delegation follow-up files.",User-supplied 2010-0083-F release; verify diary page image and any withdrawal sheets before citing.,2010-0083-F; Putin; Russia; Russian,https://catalog.archives.gov/id/17368201,https://s3.amazonaws.com/NARAprodstorage/opastorage/live/1/3682/17368201/content/presidential-libraries/clinton/foia/2010-0083-F/2010-0083-F-PDF/Box_003/42-t-7262157-20100083F-003-003-2015.pdf,42-t-7262157-20100083F-003-003-2015.pdf,,,,,
